{
  "project_info": {
    "project_number": "711189360778",
    "firebase_url": "https://projectforet.firebaseio.com",
    "project_id": "projectforet",
    "storage_bucket": "projectforet.appspot.com"
  },
  "client": [
    {
      "client_info": {
        "mobilesdk_app_id": "1:711189360778:android:1e0a7dfa2fc35b0bc13d73",
        "android_client_info": {
          "package_name": "com.example.foret_app_prototype"
        }
      },
      "oauth_client": [
        {
          "client_id": "711189360778-qpadlo64gp410dq4lko79dnm3n53kvi1.apps.googleusercontent.com",
          "client_type": 1,
          "android_info": {
            "package_name": "com.example.foret_app_prototype",
            "certificate_hash": "e5e94c4624b336b0b5132a98cb16932dd3eaaa0d"
          }
        },
        {
          "client_id": "711189360778-h4nsogn709ncoa4clmcptf31j8jillh1.apps.googleusercontent.com",
          "client_type": 3
        }
      ],
      "api_key": [
        {
          "current_key": "AIzaSyB9i-dp7fCncJ-p0JkzEAaGWLs020C5ZVM"
        }
      ],
      "services": {
        "appinvite_service": {
          "other_platform_oauth_client": [
            {
              "client_id": "711189360778-h4nsogn709ncoa4clmcptf31j8jillh1.apps.googleusercontent.com",
              "client_type": 3
            }
          ]
        }
      }
    }
  ],
  "configuration_version": "1"
}